herd	fake
s	s
bantha/bantha_desert	fake stuff
dewback/dewback_desert	
eopie/eopie_desert	
rock_mite/rock_mite_desert	
ronto/ronto_desert	
bantha/bantha_dune	
cu_pa/cu_pa_dune	
eopie/eopie_dune	
ronto/ronto_dune	
bocatt/bocatt_hills	
cu_pa/cu_pa_mountain	
eopie/eopie_mountain	
rock_mite/rock_mite_mountain	
bantha/bantha_wasteland	
cu_pa/cu_pa_wasteland
eopie/eopie_wasteland
rock_mite/rock_mite_wasteland
